,0,1,2,3,4
0,-0.05489809,0.0249666,-0.011626096,0.059674874,0.045430303
1,-0.05722341,0.009567136,-0.011645392,0.06860504,0.052272446
2,-0.060573917,0.016145892,-0.010618767,0.07088306,0.046870187
3,-0.058265388,0.008338807,-0.0070942906,0.069050476,0.052057434
4,-0.05598698,0.021763448,-0.007105761,0.06944727,0.05265027
5,-0.04594665,0.026536088,-0.021585697,0.06256665,0.039107062
6,-0.062325284,0.017912522,-0.015375948,0.068337865,0.046409898
7,-0.05994948,0.018150523,-0.011029079,0.06418627,0.039370507
8,-0.053219058,0.019523088,-0.015180705,0.06612696,0.04841956
9,-0.05275483,0.011909097,-0.015976666,0.07705007,0.05209828
10,-0.06995848,0.012434363,-0.013307238,0.064565964,0.049791425
11,-0.05047299,0.010792315,-0.01113607,0.06840998,0.043022532
12,-0.05999507,0.008107357,-0.0010858243,0.065769054,0.05212527
13,-0.052351777,0.008869167,-0.0069783796,0.06193125,0.04243753
14,-0.059989866,0.023812775,-0.009891806,0.061373953,0.05273182
15,-0.06486185,0.01952302,-0.00861679,0.06171796,0.036833253
16,-0.061439537,0.015416099,-0.017451903,0.06971864,0.044290904
17,-0.051938515,0.032304667,-0.017522909,0.06677487,0.048839446
18,-0.062428273,0.017062644,-0.0058017913,0.06526351,0.052244663
19,-0.04661847,0.02580446,-0.01478382,0.05835349,0.03894368
20,-0.06267725,0.014328849,-0.010926394,0.064349994,0.049920272
21,-0.067636415,0.022641296,-0.0026673228,0.055015266,0.04398502
22,-0.048057668,0.015778707,-0.006510441,0.057389185,0.04730588
23,-0.062461507,0.01954616,-0.007170681,0.06446531,0.04616885
24,-0.04890044,0.014800889,-0.014768691,0.05984712,0.039818022
25,-0.06252981,0.024502596,-0.008161487,0.06383753,0.047252756
26,-0.06676735,0.013107129,-0.011672458,0.07598963,0.05796416
27,-0.046664458,0.023735393,-0.025048986,0.059032075,0.034414954
28,-0.058103997,0.015800513,-0.011032136,0.061265357,0.048435103
29,-0.06950886,0.013385145,-0.011224857,0.06891236,0.05701723
30,-0.055948317,0.009872612,-0.009670164,0.061416462,0.040700447
31,-0.057341687,0.012678691,-0.017083284,0.066802144,0.04756669
32,-0.056506515,0.0167028,-0.009494736,0.07133359,0.051409297
33,-0.050359875,0.012547862,-0.017530901,0.06616165,0.043548904
34,-0.057824913,0.016437525,-0.009124876,0.06849729,0.05157811
35,-0.06126402,0.013675809,-0.009167039,0.06744567,0.0484229
36,-0.059895527,0.020879991,-0.0103240125,0.07158556,0.051108465
37,-0.04933705,0.0077719362,-0.01751441,0.0711075,0.042677104
38,-0.059311207,0.01470076,-0.0028427849,0.060582638,0.049239334
39,-0.05156675,0.0317344,-0.015969303,0.07062915,0.04272874
40,-0.05832173,0.016567118,0.002101265,0.060743444,0.043907847
41,-0.0520534,0.020950558,-0.01156091,0.0632654,0.048453838
42,-0.056210373,0.012427633,-0.012889036,0.06340692,0.045229144
43,-0.046372317,0.02079268,-0.01562455,0.051397182,0.038091432
44,-0.04939877,0.0143621545,-0.004796421,0.06324478,0.040346067
45,-0.06491594,0.0059346296,-0.01804347,0.06242931,0.045073044
46,-0.04919464,0.02068944,-0.009472461,0.053771555,0.04230089
47,-0.05884838,0.020284066,-0.015641507,0.06333256,0.03833645
48,-0.058094144,0.007826578,-0.010176705,0.06689246,0.042979866
49,-0.059151247,0.021311913,-0.0067588063,0.06341536,0.04113007
50,-0.055481795,0.019488718,-0.009881026,0.068062924,0.044299264
51,-0.060184233,0.01952026,-0.012725418,0.06622451,0.053497523
52,-0.05439955,0.015730144,0.004900787,0.067174934,0.052721065
53,-0.06755282,0.0061510094,0.004895323,0.064177684,0.041582383
54,-0.055142798,0.023739621,-0.014675519,0.06623657,0.04935346
55,-0.05617859,0.011050196,-0.007972963,0.06408432,0.042021085
56,-0.050568637,0.010416201,-0.010781691,0.06183573,0.05637372
57,-0.0560219,0.018200401,-0.009517984,0.060689464,0.04486395
58,-0.056593917,0.015045371,0.0029046033,0.063718535,0.054824863
59,-0.05833435,0.010778239,-0.0058103483,0.05932727,0.041853353
60,-0.051002517,0.015424768,-0.011754655,0.07343867,0.050653823
61,-0.059334174,0.008155518,-0.017741214,0.06366805,0.0397129
62,-0.053767644,0.020333622,-0.0044012154,0.06671357,0.049469393
63,-0.056138784,0.020501534,0.00063415803,0.05717741,0.046736132
64,-0.054954402,0.0115567725,-0.005518142,0.06714689,0.04687296
65,-0.0582073,0.011954095,-0.010446552,0.06336889,0.047591347
66,-0.067004785,0.020308621,-0.010442776,0.060116075,0.047235005
67,-0.05170702,0.022909554,-0.01478227,0.059277393,0.03488731
68,-0.07349676,0.015604973,-0.000421552,0.06458055,0.042886995
69,-0.04768323,0.011064979,-0.0051626367,0.059817318,0.04262206
70,-0.05577533,0.009565957,-0.010932637,0.06830655,0.049015716
71,-0.050300356,0.017626774,0.002384224,0.056188248,0.054733563
72,-0.05807595,0.012912937,-0.006646731,0.06507244,0.037096716
73,-0.06014362,0.016901076,-0.015598403,0.061020903,0.04830445
74,-0.057325765,0.023106761,-0.0065162815,0.052537274,0.05314535
75,-0.054018393,0.01954462,-0.01030831,0.061448902,0.042591535
76,-0.048688103,0.029983483,-0.0060434705,0.058269795,0.038947433
77,-0.047214866,0.02696405,-0.021599438,0.06111212,0.044134006
78,-0.057499737,0.018903472,-0.000437079,0.058534916,0.04907998
79,-0.06475965,0.021518372,-0.008879301,0.06430208,0.05104688
80,-0.05419866,0.022481564,-0.011623114,0.07383383,0.048257
81,-0.052561313,0.013048697,-0.0037022964,0.062486157,0.040127683
82,-0.05154806,0.028427225,-0.013778722,0.06324897,0.0478588
83,-0.04716471,0.013999173,-0.017076934,0.06286733,0.041741658
84,-0.06109623,0.017963618,-0.012993292,0.06409975,0.052268755
85,-0.05502656,0.014505329,-0.022561662,0.07100884,0.04150605
86,-0.052428395,0.014086376,-0.01256572,0.066082016,0.046895254
87,-0.055083916,0.015041371,-0.007913893,0.07098638,0.054710027
88,-0.059916854,0.01102226,-0.0062323185,0.067263626,0.043620273
89,-0.058432467,0.015457582,-0.009860187,0.069114,0.04204564
90,-0.065491654,0.0054595917,-0.006131863,0.06273682,0.05030108
91,-0.049750037,0.013616185,-0.012619199,0.066866815,0.0456185
92,-0.056080986,0.016072767,0.0021190792,0.05975774,0.06219361
93,-0.0662823,0.017080765,-0.014928819,0.07570643,0.05107245
94,-0.056761857,0.023289105,-0.012437873,0.059157237,0.050097648
95,-0.049698032,0.021456849,-0.013744112,0.06534224,0.046229884
96,-0.06255492,0.021784903,0.00033016782,0.066374764,0.053137973
97,-0.05169602,0.022559553,-0.008338014,0.059172057,0.038857184
98,-0.059751827,0.02020321,-0.005280085,0.063487194,0.05038803
99,-0.053751048,0.022500847,-0.005835973,0.06200606,0.038453255
100,-0.05601707,0.012401346,-0.009726555,0.059418667,0.0448724
101,-0.0574665,0.029524885,-0.012707356,0.0615345,0.048888694
102,-0.060678694,0.014151326,-0.013039844,0.064051695,0.04608868
103,-0.050839663,0.020349951,-0.015265451,0.063819766,0.042429496
104,-0.062069587,0.02239177,-0.00680611,0.06794581,0.0548734
105,-0.05935824,0.014571567,-0.006060684,0.07097953,0.049265917
106,-0.052108735,0.017133512,-0.007639289,0.059312887,0.039063312
107,-0.049816504,0.029154066,-0.024332117,0.06279126,0.0375217
108,-0.05751964,0.017275471,-0.017058207,0.06256525,0.046039857
109,-0.05924456,0.01887399,0.005069413,0.06466787,0.05523461
110,-0.059723493,0.020343482,-0.00797842,0.06012759,0.041643128
111,-0.048472717,0.023008328,-0.01851811,0.058194134,0.034096066
112,-0.05049215,0.021379432,-0.019858224,0.060551524,0.045632463
113,-0.044859998,0.020625347,-0.015057301,0.061601613,0.044645548
114,-0.06157571,0.013890844,-0.0031251442,0.07033728,0.055539094
115,-0.05644702,0.017023306,-0.0082431855,0.05780675,0.043636777
116,-0.06469973,0.018562274,-0.0034366501,0.060092587,0.051174887
117,-0.059396014,0.010973228,-0.0036205593,0.07063487,0.05159754
118,-0.058674008,0.020035397,-0.009848691,0.055770844,0.048362475
119,-0.05182303,0.017287992,-0.006033819,0.07240815,0.051672168
120,-0.05200515,0.01138364,-0.014982809,0.06591501,0.04793458
121,-0.059185296,0.021151125,-0.006228812,0.062897936,0.052132815
122,-0.06153282,0.026372248,-0.0031138957,0.06583704,0.047092486
123,-0.057479605,0.009540354,-0.021331262,0.07256689,0.052183744
124,-0.05487697,0.02207678,-0.0027422346,0.05925569,0.044802304
125,-0.050964512,0.019084202,0.0017929338,0.048391156,0.04721456
126,-0.05676014,0.022112742,-0.002981834,0.05379813,0.05044367
127,-0.04682895,0.018861614,-0.0006142501,0.059615493,0.04015321
128,-0.059065174,0.018240795,-0.0017914474,0.07043941,0.05123555
129,-0.057817563,0.01654694,-0.011366359,0.063894056,0.04174434
130,-0.047592893,0.018063901,-0.009557394,0.05152946,0.0387424
131,-0.05294469,0.017931726,0.003362583,0.06364117,0.041283023
132,-0.059092637,0.017665822,0.0059278524,0.06473871,0.049801987
133,-0.05486463,0.017527772,-0.01004811,0.06561279,0.043458074
134,-0.044171043,0.01540957,-0.019116389,0.06431747,0.04662445
135,-0.045305118,0.02855253,-0.02651132,0.056336224,0.03794449
136,-0.04985834,0.015981007,-0.018698355,0.056677084,0.05136154
137,-0.0561407,0.009659401,-0.018668506,0.06930917,0.050071754
138,-0.047188178,0.02092785,-0.02208826,0.059133887,0.04273398
139,-0.058177404,0.01618537,-0.00931887,0.069529295,0.05313217
140,-0.05234333,0.016591854,-0.01737544,0.06008943,0.044544544
141,-0.06476482,0.013380869,-0.014291078,0.061966423,0.042282693
142,-0.06435885,0.010237978,-0.0102854585,0.067113385,0.054875776
143,-0.059486892,0.023646701,0.0043524746,0.05107788,0.042404737
144,-0.055909917,0.021407511,-0.008766627,0.068985984,0.053498805
145,-0.05066706,0.018796898,-0.015068755,0.07230967,0.04423579
146,-0.054855578,0.023927791,-0.009311449,0.060137924,0.040470056
147,-0.05432543,0.02209926,-0.014895646,0.06890394,0.046840753
148,-0.05669666,0.016082304,-0.007436963,0.06418566,0.03853175
149,-0.056231763,0.01299359,-0.005313131,0.0732961,0.05592978
150,-0.05819673,0.01740085,-0.005544061,0.05885906,0.048228856
151,-0.05987593,0.013721142,-0.008690821,0.07163674,0.049026035
152,-0.054480836,0.01882403,-0.008460642,0.06238713,0.04422312
153,-0.061107382,0.017409408,-0.019075586,0.066875,0.036947064
154,-0.061863832,0.01871911,-0.0099163195,0.063058704,0.049703564
155,-0.047082793,0.026517272,-0.011466797,0.059407104,0.041691095
156,-0.068330914,0.014281874,-0.017096529,0.06416076,0.052986696
157,-0.06388003,0.014583569,-0.0036253668,0.06814205,0.055157255
158,-0.050316326,0.015575822,-0.019305717,0.062018093,0.0501701
159,-0.049567804,0.01238071,-0.0011427365,0.063228115,0.039612755
160,-0.059954993,0.016041331,-0.014831099,0.07020958,0.04599173
161,-0.061965548,0.010477839,-0.0037776772,0.06870033,0.044249915
162,-0.058040097,0.020592157,-0.014619407,0.057708465,0.044015083
163,-0.04244209,0.023074457,-0.020218762,0.062690474,0.040122367
164,-0.046701092,0.032515593,-0.018529825,0.06476316,0.033584934
165,-0.0546337,0.02031681,-0.016406655,0.06202008,0.03872588
166,-0.05154778,0.019589769,-0.016358102,0.05867943,0.04907588
167,-0.057216577,0.013357744,-0.008267337,0.06356559,0.044408683
168,-0.055105507,0.0077267475,-0.01632283,0.07017143,0.044068303
169,-0.058545984,0.016932558,-0.009617791,0.06694971,0.054445893
170,-0.07537051,0.00860179,-0.007111922,0.07079735,0.04450665
171,-0.061348043,0.014355747,-0.008084863,0.06654035,0.04745954
172,-0.051466316,0.020879801,-0.009668288,0.05984477,0.04178512
173,-0.05347403,0.019349318,-0.013549687,0.067460775,0.04121119
174,-0.059685215,0.017034408,-0.0045078434,0.07191041,0.048371054
175,-0.059429888,0.020635802,-0.0045413626,0.072808616,0.051180016
176,-0.05746194,0.018940438,-0.015422061,0.06642222,0.040001888
177,-0.056251362,0.02262487,-0.014640971,0.059620753,0.041844517
178,-0.048474286,0.022751108,-0.013668064,0.059143152,0.04405938
179,-0.056836374,0.022929847,0.0036174618,0.061899863,0.038789943
180,-0.052229475,0.018961852,-0.008866375,0.052799515,0.043122217
181,-0.039082125,0.025899565,-0.025179746,0.053888217,0.033151902
182,-0.042839468,0.029287383,-0.022948176,0.062384367,0.04311564
183,-0.06089761,0.018334035,-0.008815827,0.06695848,0.050808113
184,-0.05226773,0.008656587,-0.004841823,0.06488502,0.050426602
185,-0.049464773,0.025981463,-0.012419939,0.059265763,0.044717837
186,-0.060005568,0.020560306,-0.0066069365,0.061931055,0.04562363
187,-0.05073763,0.015044683,-0.009347763,0.06960575,0.032068007
188,-0.057359133,0.015627548,-0.004342314,0.06398395,0.044151787
189,-0.060791623,0.016642487,0.00021365192,0.05352763,0.041630857
190,-0.04870568,0.02096556,-0.016819842,0.058386162,0.037804652
191,-0.058097042,0.016817598,-0.008902822,0.06316394,0.053059764
192,-0.05981858,0.020251632,-0.016921353,0.062264994,0.04498249
193,-0.040179547,0.020664342,-0.021915073,0.0663486,0.04056585
194,-0.055025246,0.011796512,-0.018429274,0.06462619,0.05167473
195,-0.06316434,0.012807603,-0.008022809,0.06408322,0.054649513
196,-0.050970856,0.013012324,-0.011066332,0.07121096,0.052595735
197,-0.05485242,0.017094946,-0.0091097355,0.059121147,0.043571085
198,-0.05038721,0.025022235,-0.020616898,0.062780775,0.04957099
199,-0.05384048,0.0058743153,-0.012524184,0.06625116,0.047044314
200,-0.054447692,0.0063029407,-0.01710511,0.073598295,0.045258615
201,-0.062457755,0.0031930543,-0.015206565,0.066315636,0.06373323
202,-0.05602367,0.018741777,-0.00980696,0.06441595,0.03783819
203,-0.07349935,0.01234797,-0.006163835,0.07301996,0.057516746
204,-0.049970813,0.013946319,-0.013971106,0.062528335,0.040456
205,-0.048321087,0.017233197,-0.020280177,0.065081365,0.039785407
206,-0.047838733,0.013475528,-0.0116870105,0.06874526,0.04616236
207,-0.057968505,0.023076084,-0.016777724,0.0626511,0.045401216
208,-0.045017544,0.013636295,-0.0054503093,0.06437737,0.04334965
209,-0.05680789,0.009422805,-0.016765168,0.06522921,0.049311552
210,-0.05995401,0.014687745,-0.005706219,0.060618382,0.050160695
211,-0.04571729,0.029557344,-0.023331638,0.054499548,0.033164732
212,-0.05393012,0.021730427,-0.023982001,0.06391028,0.043710403
213,-0.047485314,0.017276898,-0.014499216,0.056463644,0.050504643
214,-0.04748789,0.024960838,-0.009962164,0.06651792,0.044538535
215,-0.052615684,0.016861696,-0.009266151,0.06354412,0.04761944
216,-0.054188773,0.014261613,-0.011844388,0.062548995,0.042234134
217,-0.05394628,0.016233213,-0.011892698,0.068360455,0.04193747
218,-0.051788986,0.023108887,-0.012857758,0.05915508,0.039078243
219,-0.060930878,0.01601665,0.010941378,0.05084398,0.037836738
220,-0.045951553,0.019230077,-0.027102042,0.06589345,0.04202021
221,-0.055777926,0.021633299,-0.017568462,0.06939156,0.04766498
222,-0.055194028,0.011943094,-0.007680837,0.06284049,0.054602277
223,-0.055003192,0.017028257,-0.0064097717,0.06521633,0.042364396
224,-0.050651774,0.02588311,-0.016644781,0.06596142,0.037348248
225,-0.059298277,0.01258896,-0.007889999,0.06442423,0.049946714
226,-0.04749667,0.018409107,-0.013432741,0.066299304,0.046343543
227,-0.04809857,0.012474607,-0.025411647,0.063721895,0.05337943
228,-0.05769044,0.014589201,-0.012434533,0.06267469,0.05403533
229,-0.05841005,0.017075334,0.0007334687,0.06848459,0.048623223
230,-0.051597834,0.018757055,-0.014222747,0.06730297,0.041201815
231,-0.05220503,0.021519314,-0.006051561,0.060181513,0.046483535
232,-0.055226605,0.022136994,-0.0058378624,0.05533226,0.043992877
233,-0.051587746,0.0274925,-0.0049686073,0.06609186,0.049322005
234,-0.054503907,0.014724055,0.0011489503,0.06441167,0.05077467
235,-0.055096857,0.0162687,-0.004552314,0.055341583,0.04046581
236,-0.056431137,0.027662775,-0.014454968,0.06110567,0.038967773
237,-0.056838315,0.011321226,-0.0013371296,0.06589234,0.05360066
238,-0.051916756,0.01715447,-0.013804537,0.06083243,0.04617541
239,-0.054585844,0.025621448,-0.014991213,0.056709096,0.040485557
240,-0.051528208,0.020281207,0.001660957,0.06636017,0.047691353
241,-0.062166836,0.015310964,-0.01090269,0.07443463,0.044365373
242,-0.054675266,0.022785138,-0.002253931,0.05882485,0.043090805
243,-0.063383415,0.017344818,-0.004131509,0.07073969,0.043427125
244,-0.04825507,0.013431843,-0.0071717175,0.066855215,0.051113732
245,-0.04802698,0.015382799,-0.00094113033,0.062341336,0.049876124
246,-0.04877086,0.021851346,-0.016413007,0.055933967,0.03430587
247,-0.050410572,0.021696467,-0.008832612,0.055651546,0.051300343
248,-0.057068363,0.01293309,-0.00013573654,0.066122524,0.046627827
249,-0.056849506,0.022605658,-0.0076920027,0.05817526,0.04975997
250,-0.06190319,0.008191168,-0.0045967484,0.059615396,0.04787132
251,-0.058401365,0.01448396,-0.009486173,0.06566009,0.047654446
252,-0.053266436,0.012992665,-0.004983532,0.05690851,0.05159396
253,-0.056861646,0.008858613,-0.0054763276,0.054062843,0.0499856
254,-0.06015664,0.026022853,-0.005089259,0.06387893,0.04514765
255,-0.040410563,0.026307343,-0.019688338,0.047223255,0.038446087
256,-0.053607814,0.02466476,-0.012935272,0.055338275,0.047586735
257,-0.048318975,0.016197167,-0.029149009,0.054209776,0.031168524
258,-0.062003266,0.014008416,-0.0093714455,0.059691012,0.04662829
259,-0.04890552,0.026019303,-0.013343849,0.06479278,0.041755334
260,-0.060087986,0.010613121,-0.0043797325,0.06151706,0.04137703
261,-0.05567156,0.02150835,-0.0019218419,0.062377572,0.057815835
262,-0.03933212,0.017555283,-0.016881973,0.0502751,0.03046835
263,-0.05806505,0.02003654,-0.011423394,0.06747001,0.050927155
264,-0.05656627,0.027941965,-0.014820491,0.07131541,0.04896555
265,-0.0518685,0.012478406,-0.01702058,0.06552,0.05310688
266,-0.058742233,0.019304916,-0.013376767,0.06162783,0.04627217
267,-0.053870533,0.016713727,0.0012835823,0.06263739,0.04380894
268,-0.06407705,0.011846686,-0.0021544416,0.0673827,0.052546695
269,-0.06346649,0.024141405,-0.012681925,0.06484022,0.049783256
270,-0.06331971,0.02024964,-0.013619372,0.0681158,0.050831635
271,-0.038614437,0.011497895,-0.0040421262,0.061903138,0.051411275
272,-0.053152137,0.01005962,-0.01376625,0.0622597,0.04427301
273,-0.059320465,0.0093680965,0.0018446697,0.06592378,0.05607368
274,-0.051847108,0.021441735,-0.013465843,0.06159337,0.043679588
275,-0.04747171,0.01752944,-0.022281548,0.06371818,0.04728822
276,-0.051914476,0.015805997,-0.008287043,0.0649618,0.05597212
277,-0.06651181,0.010063589,-0.007925712,0.072452016,0.056286838
278,-0.059327275,0.016277846,-0.0021016356,0.06862119,0.04963482
279,-0.059758354,0.008355413,-0.00941119,0.06767281,0.04620503
280,-0.060928624,0.017458111,-0.0019008461,0.070163004,0.047988866
281,-0.05508259,0.013299564,-0.008948743,0.05946794,0.0487721
282,-0.066491276,0.013123557,-0.013007408,0.06677592,0.053782087
283,-0.053341676,0.014042953,-0.006733952,0.05653452,0.04140389
284,-0.07000995,0.014330281,-0.0059708487,0.064520076,0.055067167
285,-0.057255022,0.018833809,-0.011041222,0.061854944,0.044004515
286,-0.046968564,0.021151632,-0.009281782,0.0579985,0.03886845
287,-0.049806148,0.0183976,-0.020161359,0.06410649,0.048525684
288,-0.05957474,0.012388475,-0.011869267,0.06416345,0.05349949
289,-0.058507632,0.01660996,-0.0076547675,0.057086974,0.04877699
290,-0.065694295,0.011255069,-0.0009028781,0.07052283,0.05389307
291,-0.05490878,0.02176262,-0.0041880487,0.057784554,0.049817715
292,-0.054240827,0.014686136,-0.014519736,0.061301786,0.039433245
293,-0.04797382,0.010224009,-0.004787637,0.058378443,0.04697968
294,-0.051806442,0.02034413,-0.014512029,0.06385244,0.0437132
295,-0.051208876,0.016795825,-0.0064616613,0.05219392,0.042459354
296,-0.059700996,0.012526255,0.0006890483,0.06722952,0.04135464
297,-0.058633097,0.024790034,-0.015475849,0.06935232,0.053668432
298,-0.062065303,0.009371284,-0.012553727,0.065535806,0.042365797
299,-0.044935323,0.017993903,-0.02025437,0.06998681,0.049202003
300,-0.054357775,0.032317687,-0.009801951,0.055921007,0.039267052
301,-0.049587954,0.008725276,-0.0074878894,0.06784848,0.054160565
302,-0.04486891,0.023184173,-0.017120115,0.0656132,0.04134729
303,-0.057984836,0.018143179,-0.008406965,0.06440256,0.037118215
304,-0.049803417,0.026623933,-0.013637428,0.061545596,0.050154574
305,-0.052496802,0.013843261,-0.012289937,0.06620545,0.052088648
306,-0.06304215,0.019985748,-0.008137962,0.062484387,0.039813716
307,-0.052819494,0.017862348,-0.010368478,0.064146824,0.055258233
308,-0.064533636,0.019651243,0.0031593405,0.06406338,0.0493601
309,-0.048980653,0.033837497,-0.008656148,0.059679106,0.039830856
310,-0.051744495,0.017219285,-0.017758418,0.08166303,0.03973803
311,-0.062175438,0.011406094,-0.0025105365,0.06409717,0.052430734
312,-0.054505818,0.01741656,-0.010368536,0.053407732,0.044969097
313,-0.044635933,0.020757051,-0.020365875,0.05912233,0.04268535
314,-0.0714605,0.0071464833,-0.011618435,0.07281822,0.052596748
315,-0.026165495,0.028204735,-0.025361974,0.045158524,0.0375155
316,-0.048017364,0.021261562,-0.008924246,0.057964124,0.04000206
317,-0.05626738,0.021570042,-0.014093877,0.063352264,0.046826042
318,-0.052542534,0.030408591,-0.02351546,0.05892484,0.039633986
319,-0.07522795,0.001669351,0.0011198632,0.0572026,0.055004433
320,-0.06243845,0.005727886,0.000531191,0.06279775,0.03786962
321,-0.07500833,0.018051688,-0.0054555126,0.05793285,0.04857177
322,-0.04617012,0.01273755,-0.011139606,0.06464535,0.051877636
323,-0.04737529,0.033064492,-0.024431603,0.057375964,0.035922702
324,-0.06630073,0.019193146,-0.00997888,0.062678576,0.044233613
325,-0.05909894,0.021754619,-0.005719222,0.06586553,0.04123643
326,-0.062479213,0.011173425,-0.008826956,0.076900676,0.04723505
327,-0.058447596,0.024921764,-0.011321573,0.06745746,0.049383998
328,-0.046515983,0.019730844,-0.020009547,0.053625222,0.03374031
329,-0.059092216,0.01841569,-0.0056533543,0.062353298,0.054864556
330,-0.055865303,0.015353144,-0.006759681,0.07349379,0.058335915
331,-0.052823633,0.020619333,0.0032406654,0.051679187,0.050911162
332,-0.07125899,0.011643397,-0.005634502,0.077791244,0.060979553
333,-0.05011809,0.014213688,-0.022395717,0.05646194,0.0405014
334,-0.060765997,0.01362362,-0.002864251,0.06638121,0.047064144
335,-0.043752097,0.015385209,-0.008209328,0.05836633,0.043955125
336,-0.06092955,0.011043459,0.00043160096,0.065178014,0.057616662
337,-0.050003484,0.015802916,-0.0077526607,0.057064842,0.04017183
338,-0.051567495,0.021589104,-0.012660025,0.06606011,0.04525195
339,-0.060965683,0.020077841,-0.0052856226,0.058788538,0.056990083
340,-0.059696894,0.022156423,-0.013967203,0.06315109,0.05120168
341,-0.05286307,0.00914292,-0.0075980397,0.06667498,0.042286366
342,-0.049570326,0.02032132,-0.028128749,0.06707777,0.046111032
343,-0.05248909,0.02405409,-0.009580163,0.060868684,0.054131772
344,-0.054624647,0.002468654,-0.0030626561,0.06685548,0.049718957
345,-0.052441407,0.028728161,-0.01146217,0.060403746,0.049280096
346,-0.047060598,0.023241408,-0.02357043,0.060329534,0.032887332
347,-0.056939527,0.022135,-0.010697282,0.0657358,0.055808794
348,-0.05499721,0.015182291,-0.0066861706,0.06219644,0.05691506
349,-0.05769288,0.025407854,-0.008579062,0.06707394,0.03826617
350,-0.051828716,0.015291723,-0.008692727,0.0648034,0.049713455
351,-0.060054258,0.014259897,-0.013885513,0.06627387,0.054836016
352,-0.06387283,0.01900157,-0.02010822,0.062137514,0.05287368
353,-0.0686962,0.016489051,-0.0104507655,0.066865504,0.052218758
354,-0.05615189,0.021474458,-0.017045869,0.058293108,0.04718877
355,-0.053619992,0.015094576,-0.007393755,0.06410698,0.05158942
356,-0.06525408,0.020902969,-0.007623788,0.057575718,0.05016928
357,-0.059968986,0.015061035,-0.0078549115,0.06314773,0.05184322
358,-0.05902582,0.0062153814,-0.012965708,0.066692024,0.05115891
359,-0.0597869,0.022437874,-0.008801872,0.064569555,0.044648994
360,-0.048401535,0.013243967,-0.009464464,0.066167735,0.04557513
361,-0.0556141,0.03165337,-0.0049557583,0.060323127,0.04682678
362,-0.05137866,0.017127637,-0.008374143,0.062436424,0.04797434
363,-0.050672412,0.017680481,-0.0052420218,0.06110186,0.05251387
364,-0.05521494,0.01942765,-0.004712669,0.05519547,0.044956878
365,-0.048917014,0.018233486,-0.013043347,0.06796322,0.04078128
366,-0.052750792,0.015028672,-0.002612492,0.0628357,0.04293842
367,-0.061655283,0.006088568,-0.0040185666,0.057689786,0.049333416
368,-0.051470265,0.019417554,0.00062212534,0.05829022,0.044990085
369,-0.061186276,0.016996574,-0.010703126,0.06678919,0.04566884
370,-0.051182102,0.018791348,-0.010445759,0.06749347,0.042470604
371,-0.05755082,0.020108147,-0.005115251,0.054777864,0.048482608
372,-0.062872894,0.013252463,-0.0045279423,0.066863544,0.049900196
373,-0.049295254,0.017543854,-0.016544148,0.058692373,0.041770674
374,-0.056086533,0.018781189,0.0031093657,0.056918375,0.047645476
375,-0.047511563,0.013086337,-0.01101854,0.06042567,0.048247624
376,-0.0607552,0.01818962,-0.0032192273,0.0553375,0.04813624
377,-0.055085912,0.015610867,-0.015747331,0.067457795,0.04057144
378,-0.06167886,0.012129322,7.483829e-05,0.060720075,0.050227582
379,-0.05166916,0.013071689,-0.024963597,0.06552304,0.04390188
380,-0.044477776,0.014224241,-0.028278392,0.06340318,0.036866564
381,-0.05845867,0.0040052887,-0.014204416,0.06492239,0.050406244
382,-0.052410506,0.02122911,-0.020675339,0.058869,0.038145717
383,-0.057866763,0.008495025,-0.005782497,0.06895055,0.053010944
384,-0.051330514,0.019294104,-0.009953681,0.064739175,0.051428236
385,-0.05987271,0.023205008,-0.0087493295,0.062080424,0.041715402
386,-0.04697004,0.020067854,0.0038844077,0.051908795,0.05318204
387,-0.05309787,0.023010455,-0.016152238,0.06872839,0.041737493
388,-0.055501718,0.022268789,0.0058363825,0.062452875,0.041847527
389,-0.048336264,0.022895824,-0.01004787,0.06200304,0.041451406
390,-0.048123345,0.021172607,-0.014867837,0.059225727,0.049713038
391,-0.05979091,0.023327854,-0.009901755,0.06491898,0.05988302
392,-0.057663236,0.02678003,-0.015621247,0.057431687,0.048566643
393,-0.05663515,0.021020465,-0.0055107875,0.058695313,0.044599302
394,-0.053538017,0.020141587,-0.017022127,0.06547719,0.045916293
395,-0.05619699,0.018260062,-0.012608357,0.06355153,0.048451863
396,-0.05190195,0.014372035,-0.0074467175,0.064948305,0.050154556
397,-0.060986847,0.021155525,-0.0061097816,0.05568975,0.04482608
398,-0.057480037,0.015071284,-0.006875122,0.0650935,0.05467419
399,-0.04832416,0.012580732,-0.0049072728,0.055238713,0.045175057
400,-0.05370214,0.022688758,-0.009713738,0.06395912,0.04889026
401,-0.0637483,0.019698339,-0.0063060084,0.062067643,0.053769972
402,-0.05764453,0.018026505,-0.019984514,0.061843462,0.051366802
403,-0.05126731,0.02105185,0.002247286,0.0638999,0.0436629
404,-0.06500161,0.006449107,-0.0028995387,0.06861435,0.05378065
405,-0.04355065,0.0077809943,-0.014930296,0.055799402,0.042953677
406,-0.04297407,0.024108436,-0.008411773,0.061620615,0.044172715
407,-0.045993652,0.016742788,-0.011215354,0.066004425,0.038908355
408,-0.054754443,0.018023249,-0.011055807,0.06119669,0.048356704
409,-0.051887956,0.018241845,-0.010845095,0.06395794,0.053472687
410,-0.043220174,0.016111163,-0.024352906,0.057384502,0.042131186
411,-0.0662367,0.015011424,-0.006666599,0.07055201,0.04397147
412,-0.059926625,0.015226796,-0.009214836,0.06673658,0.06112356
413,-0.05946354,0.013187377,-0.008098824,0.067847416,0.056392707
414,-0.050939634,0.011113236,-0.017559098,0.066219576,0.04334641
415,-0.059812512,0.012885824,-0.0066577853,0.061563324,0.0394693
416,-0.06483999,0.014161697,0.00020230655,0.056136653,0.056427464
417,-0.051940642,0.016162675,-0.018245531,0.06637949,0.05468246
418,-0.048943266,0.018410776,-0.0070912885,0.06273668,0.045910407
419,-0.05007264,0.017712653,-0.017034777,0.058762483,0.03394427
420,-0.046817377,0.024120519,-0.021514678,0.05551393,0.03269835
421,-0.058115296,0.02036139,-0.0075001265,0.057264503,0.045692205
422,-0.07130807,0.009621298,-0.0122119095,0.067781225,0.038582362
423,-0.05163665,0.03154772,-0.013334543,0.056055684,0.035975475
424,-0.06905805,0.018040415,-0.012992129,0.067654654,0.056509458
425,-0.05257772,0.02575899,-0.016992949,0.056912728,0.05452898
426,-0.052158345,0.014267827,-0.010841209,0.070761,0.05926378
427,-0.056963574,0.013777707,-0.0026975386,0.066905044,0.060637604
428,-0.05560174,0.015479423,-0.01387675,0.062614314,0.04292681
429,-0.05417591,0.02213327,-0.0152036995,0.06200117,0.040764462
430,-0.050968885,0.026958391,-0.010533508,0.062923275,0.04309728
431,-0.05111818,0.023237042,-0.02018334,0.058006458,0.046250228
432,-0.06666694,0.008170877,-0.012283662,0.07387943,0.046451863
433,-0.04887658,0.0005976325,-0.010543002,0.064199,0.045579337
434,-0.05302473,0.027605582,-0.0132544795,0.06092115,0.05159332
435,-0.059390724,0.014835851,-0.011130288,0.05893052,0.046171915
436,-0.061467074,0.021654805,-0.016560845,0.07029349,0.042823054
437,-0.05145383,0.01839928,-0.0087554725,0.06383975,0.049929827
438,-0.065125525,0.0125169,-0.011848074,0.067318805,0.038825005
439,-0.05546845,0.015230758,-0.013028501,0.05820313,0.05117508
440,-0.059399687,0.010496952,0.003306387,0.06675837,0.048344463
441,-0.06364163,0.0043962756,-0.017942712,0.072309256,0.049991384
442,-0.06503665,0.014766684,-0.00833531,0.058410782,0.0495328
443,-0.056066707,0.015795264,-0.02442154,0.064511016,0.045469843
444,-0.05335485,0.018272292,-0.0056841583,0.058057025,0.04915091
445,-0.049244307,0.010119386,-0.011929883,0.054176457,0.04204859
446,-0.054494113,0.0149143785,-0.0070473356,0.0546534,0.043913156
447,-0.05466035,0.011146664,0.00057182927,0.06525255,0.049402367
448,-0.050975256,0.020231068,-0.00485109,0.057724334,0.047699526
449,-0.05862534,0.010606504,-0.0021900367,0.059110865,0.05176332
450,-0.05988795,0.017954389,-0.009471564,0.06112143,0.0493013
451,-0.061317045,0.013434634,-0.0036907345,0.059876498,0.058807187
452,-0.052029207,0.017086543,-0.0073668105,0.06528652,0.04167381
453,-0.05025719,0.017912328,-0.008237975,0.0627311,0.044957977
454,-0.0659111,0.012569003,-0.013761881,0.05969681,0.04119969
455,-0.04410342,0.028257692,-0.019973455,0.053539,0.04119996
456,-0.046020873,0.016788911,-0.011470981,0.057727497,0.041818835
457,-0.05706489,0.021247745,-0.005940363,0.061331723,0.043515492
458,-0.05243796,0.024098054,-0.024362449,0.06570424,0.03849588
459,-0.051678292,0.018028585,-0.0118263615,0.06424569,0.048035365
460,-0.062309034,0.01670284,-0.017802821,0.06545291,0.05224715
461,-0.059076514,0.0066412073,-0.013105299,0.06389373,0.049521573
462,-0.06458719,0.017697787,-0.005131917,0.06920685,0.05624117
463,-0.053613737,0.020119397,-0.0069092494,0.061552294,0.048896972
464,-0.05337384,0.013024535,-0.01509217,0.06671043,0.04372386
465,-0.055321597,0.021080997,-0.0012154896,0.06579926,0.053106613
466,-0.055085026,0.015430085,-0.0098588895,0.06439954,0.052524634
467,-0.044181798,0.02410217,-0.025419388,0.05596204,0.04430172
468,-0.048222028,0.019645639,-0.022423185,0.059651025,0.043243743
469,-0.053674333,0.024837747,-0.013581144,0.07007542,0.04964253
470,-0.059561223,0.019483985,-0.013351821,0.06638518,0.05173245
471,-0.056073677,0.0115985945,-0.0044182595,0.060022153,0.038098104
472,-0.0603662,0.019280223,-0.0016399259,0.059656933,0.048438665
473,-0.055019166,0.024413517,-0.010754819,0.064320624,0.037420604
474,-0.056902744,0.01731401,0.0012985077,0.059373397,0.041364446
475,-0.05156312,0.013942363,-0.013538011,0.06279841,0.0466835
476,-0.05538184,0.018936401,-0.015732802,0.066211745,0.052103944
477,-0.0623788,0.022230724,-0.005324603,0.059514903,0.047771208
478,-0.052493192,0.026767569,-0.0090672225,0.060938668,0.05494903
479,-0.049043283,0.0252026,-0.0031356337,0.057665195,0.05500304
480,-0.059900694,0.020549688,-0.007577616,0.06297717,0.04922598
481,-0.055647165,0.022997217,-0.0038043056,0.056528937,0.045309164
482,-0.061049975,0.011516523,-0.012230625,0.06859957,0.050496545
483,-0.05284421,0.016552206,-0.008416042,0.052860282,0.04491128
484,-0.078248516,0.009659506,0.006662395,0.06907083,0.05399191
485,-0.062488183,0.013034051,-0.013735908,0.06485316,0.045526005
486,-0.06033077,0.0100800125,-0.016957957,0.069123015,0.05110513
487,-0.052875385,0.016709007,-0.012188009,0.059782177,0.051289953
488,-0.046978824,0.020788964,-0.00857441,0.068207584,0.0569318
489,-0.050133727,0.01607754,-0.011299786,0.068246216,0.04416228
490,-0.05859843,0.018442592,-0.011290636,0.060767848,0.04548751
491,-0.054481998,0.015317861,-0.016899081,0.058717366,0.042836413
492,-0.056525595,0.014805325,-0.01756404,0.07433159,0.0424215
493,-0.058187168,0.011928182,-0.0070660524,0.064624496,0.04637274
494,-0.05226556,0.02076073,-0.0050024134,0.059693746,0.04435254
495,-0.03969074,0.03163996,-0.026350223,0.050349005,0.034996428
496,-0.05725459,0.015420096,-0.016919652,0.05508583,0.046439562
497,-0.04189236,0.01568361,-0.026886415,0.0673964,0.043006115
498,-0.06157002,0.0148503855,-0.0021570642,0.07264472,0.051023148
499,-0.07081183,0.013477209,0.0040644826,0.07406425,0.045523763
500,-0.05598892,0.009133965,-0.010311201,0.06321199,0.04499667
501,-0.055892333,0.014287351,-0.015163812,0.061116647,0.044659015
502,-0.052019075,0.010181812,-0.01162713,0.06536662,0.043275
503,-0.05173298,0.01798734,-0.01162759,0.06328042,0.054675344
504,-0.047854178,0.022622706,-0.02292131,0.06841489,0.042510454
505,-0.06913946,0.014840266,-0.017536724,0.06961333,0.048610426
506,-0.049495436,0.015732132,-0.012780046,0.0616864,0.04869727
507,-0.05847127,0.018447455,0.0023008771,0.06034243,0.046002273
508,-0.055309016,0.017920017,-0.005533222,0.06362517,0.05394351
509,-0.047353182,0.016931612,-0.01910018,0.064783655,0.04701129
510,-0.05903063,0.015546856,-0.016416186,0.066754796,0.046332546
511,-0.05970301,0.021849923,-0.0036403518,0.056876875,0.041539952
512,-0.05242856,0.017342404,-0.005051815,0.066422194,0.047994934
513,-0.048094064,0.022563696,-0.014116693,0.06163181,0.04753131
514,-0.059792455,0.016431458,-0.0066289473,0.060369257,0.04615614
515,-0.0500451,0.012725712,-0.0065773176,0.06400443,0.046871487
516,-0.06384244,0.013597773,-0.007780442,0.0576624,0.051930904
517,-0.057035405,0.015645012,-0.0078634,0.061372545,0.0487139
518,-0.050013177,0.020925242,-0.01757337,0.06587819,0.046679873
519,-0.055629503,0.016299937,-0.011542138,0.06881028,0.04950576
520,-0.058377877,0.011176048,-0.0066643227,0.0656168,0.04671954
521,-0.066484,0.014127845,-0.0007851543,0.064514734,0.047143687
522,-0.045011744,0.01968751,-0.0027482621,0.063662924,0.047494758
523,-0.05249275,0.02327496,-0.0053142644,0.060833365,0.045682363
524,-0.06357324,0.022387344,0.0009967033,0.050749917,0.04300461
525,-0.05154735,0.019899549,-0.0076778033,0.051635686,0.052384343
526,-0.065596394,0.017477648,-0.012189413,0.072662815,0.049004436
527,-0.057469152,0.006166584,-0.007001128,0.06845023,0.054121487
528,-0.04540889,0.020325791,-0.012291757,0.060776636,0.039209142
529,-0.051478054,0.01546536,-0.0020098332,0.05970669,0.047476903
530,-0.054632097,0.017626911,-0.011184495,0.0665474,0.04769308
531,-0.06632764,0.01680293,-0.017366491,0.062205173,0.04538718
532,-0.052921265,0.015079958,-0.017413821,0.058321267,0.04499552
533,-0.047943734,0.014132847,-0.0037802244,0.056122087,0.053248655
534,-0.055218168,0.025970954,-0.005219885,0.058091532,0.053071603
535,-0.055020668,0.017614877,-0.01592814,0.062256046,0.04719561
536,-0.058037713,0.015105057,-0.008669101,0.07123869,0.04790272
537,-0.053529173,0.020232193,-0.014529505,0.064101115,0.057767127
538,-0.058055356,0.008328952,-0.016179908,0.061994553,0.0446217
539,-0.05944244,0.022028526,0.003339503,0.05848836,0.05092161
540,-0.053447977,0.023460127,-0.0042509744,0.05771884,0.04953841
541,-0.06071331,0.017425815,-0.0044753086,0.05767855,0.05475433
542,-0.05765836,0.019582296,-0.008576844,0.06581116,0.044469725
543,-0.058968782,0.015910724,-0.0037392918,0.06473903,0.047376506
544,-0.058911096,0.021124598,-0.01814099,0.064943954,0.051195733
545,-0.0510519,0.030109663,-0.015934002,0.060853884,0.03733939
546,-0.057860553,0.016808862,-0.011320159,0.071318775,0.039823025
547,-0.049461927,0.038897328,-0.01854067,0.056693323,0.034443706
548,-0.059752498,0.014787396,-0.012607862,0.06322754,0.05038655
549,-0.06663002,0.005786568,-0.017501693,0.058856413,0.04701189
550,-0.059384964,0.0231134,0.005640259,0.054960705,0.039468307
551,-0.052829497,0.023627909,-0.0098826615,0.070354946,0.04974152
552,-0.053652637,0.01582109,0.00022914633,0.055206105,0.03872531
553,-0.05035755,0.014540202,0.0018824954,0.059800666,0.037971325
554,-0.050460633,0.027964028,-0.020224946,0.064133756,0.03930346
555,-0.052215353,0.02232894,-0.025874102,0.06366102,0.037501063
556,-0.058720917,0.016544214,-0.012292135,0.066142775,0.047629476
557,-0.050865974,0.013642233,-0.0144148655,0.06259274,0.04757183
558,-0.064300954,0.017621247,0.002031846,0.0677562,0.049736504
559,-0.065023586,0.02369317,-0.005663044,0.07005693,0.038249124
560,-0.05398866,0.013109444,-0.018321248,0.054542135,0.03722131
561,-0.057175696,0.014714505,-0.0049726404,0.06299847,0.036131367
562,-0.046580806,0.023192935,-0.023634925,0.060631722,0.036587898
563,-0.055307,0.008315682,-0.022241384,0.06417724,0.048321
564,-0.05983469,0.019692527,-0.005986443,0.0626376,0.045238283
565,-0.06365851,0.012964765,-0.0024105236,0.054290794,0.044190407
566,-0.05709188,0.022759218,-0.010553325,0.059139147,0.04572224
567,-0.05966683,0.014717231,-0.010727228,0.06623652,0.050048515
568,-0.05768881,0.013562188,-0.011233134,0.0677437,0.04207103
569,-0.046208493,0.018969111,-0.011334347,0.054813147,0.039151922
570,-0.051832862,0.020086413,-0.014706297,0.0620107,0.0396145
571,-0.049193922,0.013122101,-0.004493568,0.06465654,0.046719514
572,-0.04431753,0.024618248,-0.021417739,0.060193174,0.046593435
573,-0.049841933,0.016634628,-0.010177735,0.06486578,0.04166907
574,-0.051739585,0.022243265,-0.0136626735,0.058088787,0.047211174
575,-0.05180849,0.013919678,-0.01533021,0.061610155,0.049797755
576,-0.05276398,0.018051319,-0.008543173,0.06665714,0.04473184
577,-0.05353038,0.0062451884,-0.0074560577,0.068196654,0.04548434
578,-0.0468525,0.02753779,-0.014859758,0.06107301,0.039594952
579,-0.06392771,0.01932446,-0.0028129816,0.0602037,0.044137202
580,-0.04847615,0.010323865,-0.01312775,0.07111659,0.05157207
581,-0.05127102,0.004929716,-0.008076306,0.060103185,0.04717467
582,-0.0538359,0.010710909,-0.0076167025,0.05591735,0.052254777
583,-0.05313853,0.013692071,-0.013696751,0.059622757,0.04148242
584,-0.050341412,0.016181761,-0.0064088027,0.058394305,0.046120703
585,-0.05743932,0.026423559,-0.014194064,0.06402138,0.044527907
586,-0.047481578,0.015099604,0.0018712133,0.056702536,0.055806696
587,-0.06506978,0.017597925,-0.009707173,0.06573494,0.044320848
588,-0.060668156,0.013342053,-0.015093489,0.06331463,0.04847302
589,-0.06145937,0.012611522,-0.005616991,0.06350842,0.047322717
590,-0.060899038,0.02406607,-0.0087108575,0.06983627,0.057395115
591,-0.058842648,0.014313549,0.00043300912,0.060474824,0.048009872
592,-0.049847443,0.019295568,-0.015581551,0.06887018,0.040855482
593,-0.059151217,0.009407676,0.0012476686,0.055611137,0.053644568
594,-0.058767118,0.021714017,-0.0015424783,0.05372352,0.04966001
595,-0.059571363,0.021742215,-0.013031565,0.063038796,0.046911314
596,-0.050435163,0.020347666,-0.018714905,0.058633927,0.043534063
597,-0.038306005,0.017759224,-0.018534333,0.053919636,0.035251644
598,-0.05770364,0.015125057,-0.007862855,0.063452356,0.053740077
599,-0.05917649,0.017751457,-0.009940679,0.07396543,0.046942674
600,-0.0469073,0.016609844,-0.014932362,0.062036958,0.044999458
601,-0.054888524,0.02562135,-0.014044498,0.06264715,0.036186665
602,-0.0620991,0.013919584,-0.0116206035,0.06588419,0.0453244
603,-0.05572944,0.015014566,-0.0069024097,0.06625994,0.04599904
604,-0.046196967,0.019721694,-0.0121581275,0.054180123,0.03804887
605,-0.060585327,0.0026635043,-0.0010083243,0.0667845,0.05428032
606,-0.071551636,0.013709314,-0.0036917021,0.07918751,0.04902257
607,-0.05521018,0.012864506,0.0049700094,0.07066424,0.04937623
608,-0.057759665,0.016671713,-0.020805977,0.06451058,0.047865495
609,-0.0025947709,0.015528219,-0.022270223,0.03766812,0.012791796
610,-0.053416416,0.013064342,-0.0056116376,0.062051374,0.045941673
611,-0.056410015,0.014180702,-0.0075900024,0.059126493,0.0497321
612,-0.0485981,0.010469938,-0.014720138,0.061112314,0.04598328
613,-0.054974534,0.021673605,-0.016396046,0.06361573,0.045865275
614,-0.05703591,0.005544834,-0.011032242,0.06820111,0.039493307
615,-0.049335986,0.018797642,-0.013588556,0.06110607,0.04221607
616,-0.051156536,0.022279322,-0.00960217,0.05933989,0.04434578
617,-0.061965868,0.012400978,-0.019179318,0.0645185,0.052318435
618,-0.057209145,0.016229302,-0.0033648275,0.06665795,0.04900016
619,-0.05569298,0.013699019,-0.009215266,0.06043555,0.04764894
620,-0.056829587,0.013823152,-0.003558727,0.060688596,0.05018812
621,-0.06276918,0.017016796,-0.011089843,0.070933856,0.04776131
622,-0.058591917,0.01567807,-0.006143974,0.062341955,0.048737098
623,-0.050607283,0.007947179,-0.010027331,0.07402632,0.045717366
624,-0.053175844,0.026931193,-0.025435045,0.06431006,0.035315722
625,-0.054917324,0.030139638,-0.013794553,0.06140692,0.04430621
626,-0.055485446,0.022149436,-0.021540228,0.05856385,0.036133584
627,-0.056221966,0.011447941,-0.01022706,0.07013432,0.050082162
628,-0.044209205,0.015399496,-0.021904109,0.06192193,0.037220817
629,-0.052156147,0.023509637,-0.021755893,0.063720465,0.04629462
630,-0.057123955,0.019364255,-0.0073525924,0.06592724,0.0582691
631,-0.055984,0.01296855,-0.014561834,0.05828467,0.04301157
632,-0.055992223,0.01391356,-0.010673203,0.06013468,0.051670756
633,-0.05636356,0.018394815,-0.0022480227,0.0622943,0.045347005
634,-0.048930034,0.022073692,-0.006401781,0.06632802,0.03243638
635,-0.059800334,0.017029569,-0.011107187,0.0629147,0.051981818
636,-0.034370024,0.030717503,-0.028509108,0.047675636,0.040727645
637,-0.061307404,0.013617867,0.0024783704,0.05614152,0.050280232
638,-0.054704793,0.015537217,-0.013081715,0.06376244,0.045302868
639,-0.05462505,0.010830115,-0.0068020932,0.06640769,0.057013437
640,-0.060760453,0.016804326,-0.0027956301,0.06230323,0.047703587
641,-0.045470864,0.02668634,-0.016556043,0.056649685,0.041989893
642,-0.059169136,0.015121054,0.009594282,0.06133929,0.04920432
643,-0.04854767,0.027854858,-0.006162077,0.05777575,0.04476213
644,-0.056444168,0.02176505,-0.004134097,0.061865643,0.04464299
645,-0.065531865,0.017621506,-0.0074317884,0.06055744,0.04996713
646,-0.062360127,0.010775557,-0.01608273,0.066955686,0.050808407
647,-0.051582955,0.012475627,-0.0074226083,0.066178836,0.04400244
648,-0.057314917,0.01652,-0.0048306417,0.065904185,0.052806433
649,-0.057945676,0.009280785,-0.007880038,0.06328219,0.04994852
650,-0.052767277,0.0077684987,-0.0018434869,0.06731427,0.051231332
651,-0.04732199,0.019375984,-0.016850779,0.069047,0.049054056
652,-0.06284349,0.02579125,-0.009008598,0.063184135,0.0480958
653,-0.057906367,0.028979361,0.00055268407,0.061499443,0.045912765
654,-0.04846999,0.023820223,-0.012927507,0.06361126,0.04417727
655,-0.07570795,0.010600991,0.003373742,0.06957988,0.055010587
656,-0.051833875,0.023205027,-0.0032534357,0.057631053,0.0397194
657,-0.06443347,0.01356671,-0.011948211,0.05872181,0.052509353
658,-0.05435349,0.018342547,-0.0074575273,0.067812204,0.036896706
659,-0.062153876,0.01241537,-0.0071525034,0.057328336,0.039865058
660,-0.049683675,0.0281652,-0.017597118,0.06625734,0.04768894
661,-0.06500985,0.024263373,0.0007167738,0.05613548,0.04774211
662,-0.06715213,0.011044158,-0.006856665,0.067654096,0.05288904
663,-0.052306537,0.028029576,-0.009859575,0.06655137,0.04196662
664,-0.05510596,0.019380549,-0.012849279,0.06473775,0.042130064
665,-0.054895982,0.013444937,-0.00773618,0.06394902,0.046998978
666,-0.056961767,0.009327788,-0.018529458,0.07091816,0.048605736
667,-0.050785158,0.0066989586,-0.0131684635,0.06425559,0.047993477
668,-0.054445595,0.009162018,-0.014311378,0.06078612,0.051349603
669,-0.06638083,0.024329796,-0.0109116165,0.06421499,0.04543191
670,-0.055626184,0.013245372,0.0017084992,0.05884099,0.040547587
671,-0.05377373,0.012466973,-0.009392697,0.06362853,0.045311246
672,-0.056297183,0.014771321,-0.019213222,0.06401938,0.041756958
673,-0.061236653,0.01083711,-0.0010807309,0.059375264,0.047479793
674,-0.04540953,0.02433648,-0.013330948,0.06950171,0.042602703
675,-0.05982076,0.017615618,-0.00014686584,0.05987497,0.045194153
676,-0.058703523,0.0179522,-0.008337215,0.063739106,0.046347827
677,-0.055069234,0.01428312,-0.013502926,0.06047213,0.050702713
678,-0.05494494,0.028178327,-0.020861406,0.0673433,0.03834553
679,-0.06270243,0.016209336,-0.0014325744,0.062087566,0.047653854
680,-0.04909703,0.019538637,-0.009373858,0.06306657,0.03849418
681,-0.051397715,0.01720623,-0.002749348,0.061320737,0.042686176
682,-0.040795214,0.015347531,-0.008477462,0.05692897,0.044566344
683,-0.05329593,0.025296945,-0.019151324,0.062267486,0.04620949
684,-0.05332859,0.021074949,-0.0060014687,0.06828125,0.03946419
685,-0.0505102,0.021942984,-0.010947442,0.054951984,0.044899307
686,-0.046475027,0.015499668,-0.009910977,0.05475036,0.040201835
687,-0.058812045,0.020792222,-0.0070996573,0.0631297,0.04384706
688,-0.06570382,0.007666068,-0.007988425,0.063544855,0.04120466
689,-0.058865108,0.013748432,-0.010393853,0.06742081,0.04275619
690,-0.05136488,0.0123971505,-0.005674444,0.05666581,0.05078931
691,-0.059820995,0.020268455,-0.003160864,0.06285731,0.04768431
692,-0.052268095,0.020561531,-0.011085768,0.058090053,0.042090483
693,-0.056195676,0.022250777,-0.0091900285,0.05959796,0.043179553
694,-0.06194863,0.019133803,-0.0075264424,0.070603,0.044521764
695,-0.05991486,0.01948382,-0.007064962,0.062229715,0.045755416
696,-0.060404573,0.025261924,-0.009204827,0.05662148,0.047536653
697,-0.055600084,0.018022034,-0.013731835,0.06411007,0.046596136
698,-0.05793697,0.01979127,-0.012159914,0.06600902,0.0473348
699,-0.056374997,0.021224927,-0.016800264,0.06305974,0.049679063
700,-0.06670055,0.017805835,-0.003058346,0.06959138,0.047748342
701,-0.06113557,0.014821511,-0.004335629,0.07009466,0.054238584
702,-0.061097994,0.010313495,-0.0063505964,0.07601633,0.052747518
703,-0.06360822,0.018036854,-0.002351066,0.05711924,0.054914948
704,-0.063630454,0.012235177,-0.013773434,0.070235126,0.05304639
705,-0.053439166,0.022860426,-0.01399031,0.06367213,0.04799941
706,-0.050723843,0.016234402,-0.011863834,0.061929062,0.043186903
707,-0.048016608,0.026539862,-0.015806304,0.05532261,0.04674785
708,-0.04805011,0.017757867,-0.022627302,0.05740221,0.04557614
709,-0.055484936,0.013219846,-0.011522673,0.06405355,0.03965133
710,-0.056793205,0.012436112,-0.015952447,0.06238139,0.041391462
711,-0.053194057,0.012687439,-0.019762564,0.068048835,0.052152313
712,-0.05332347,0.0264102,-0.008783681,0.06552817,0.05466565
713,-0.047681857,0.013706458,-0.0162469,0.054136056,0.05328123
714,-0.06796869,0.0071655996,-0.015138045,0.06318106,0.053205747
715,-0.04720839,0.012293205,-0.03434695,0.05998641,0.04305824
716,-0.0488754,0.019200068,-0.013703093,0.060146242,0.043602854
717,-0.05387956,0.016125195,-0.00356856,0.06292482,0.055172917
718,-0.055486992,0.0016892981,-0.015323544,0.06638221,0.04443145
719,-0.059762288,0.019734517,-0.0023564193,0.062109463,0.052971084
720,-0.04606802,0.022431724,-0.024372317,0.06422587,0.043885462
721,-0.051485695,0.02135608,-0.009023683,0.06865248,0.0443547
722,-0.05783144,0.016033612,-0.010198621,0.062251683,0.04707627
723,-0.05467383,0.01294427,-0.017268147,0.06834389,0.05379338
724,-0.057002902,0.014880231,-0.010332515,0.06290931,0.046748538
725,-0.061591003,0.02243046,-0.0128829675,0.06797106,0.037299808
726,-0.051403742,0.023817535,-0.016054913,0.06213982,0.045352627
727,-0.053244006,0.017324664,-0.0033437153,0.059772663,0.038339745
728,-0.05184605,0.037481498,-0.020113498,0.057018682,0.040097896
729,-0.05778923,0.021125386,-0.0049801487,0.07298319,0.045532245
730,-0.057578944,0.0107312,-0.000493194,0.06330682,0.047175318
731,-0.052498784,0.008148847,-0.009894838,0.06771424,0.0450349
732,-0.059590768,0.025784507,-0.00928478,0.072033994,0.039193504
733,-0.06063305,0.012048143,-0.009392878,0.06913136,0.049287234
734,-0.06498875,0.018315308,-0.002965467,0.06645259,0.045734037
735,-0.056584448,0.01916027,-0.0036802338,0.06732779,0.047802057
736,-0.048703767,0.024322286,-0.0035963943,0.068702556,0.05150444
737,-0.057187438,0.018390452,-0.00843694,0.06415133,0.046132
738,-0.0402141,0.024035532,-0.024404656,0.054284044,0.029415186
739,-0.06123513,0.023087349,0.0023485105,0.056672275,0.0542106
740,-0.049716126,0.023593074,-0.011846162,0.06334367,0.050742187
741,-0.06777853,0.016330065,-0.012522812,0.06602643,0.0561786
742,-0.05399209,0.01042423,-0.0107267555,0.06420154,0.040891692
743,-0.05259786,0.02456886,-0.014316093,0.057853475,0.039982513
744,-0.043569937,0.028379923,-0.016253255,0.060857557,0.039628237
745,-0.058994915,0.019396298,-0.014733371,0.06662269,0.045696303
746,-0.05833107,0.007958274,-0.007750122,0.060461983,0.048648864
747,-0.051936105,0.008188552,-0.013724614,0.06499096,0.043101247
748,-0.048031755,0.021497196,-0.007417209,0.057321873,0.043900784
749,-0.053254887,0.022791896,-0.010328421,0.062998764,0.047880985
750,-0.057291977,0.026357364,0.0012826324,0.0569392,0.045153607
751,-0.066703826,0.014622483,-0.011251656,0.064388104,0.052098896
752,-0.061204977,0.015810747,-0.00647635,0.07365103,0.049598068
753,-0.05536157,0.01871927,-0.010695639,0.056512047,0.045390345
754,-0.04690578,0.015560862,-0.015590582,0.06114164,0.03817932
755,-0.06227349,0.013695853,0.007844758,0.059884284,0.044324078
756,-0.055423606,0.023419708,-0.0055454196,0.066178,0.0444368
757,-0.05470635,0.012586963,-0.015339548,0.061210215,0.03838929
758,-0.06363128,0.026753444,-0.00963271,0.059746757,0.04598023
759,-0.04839937,0.015907897,-0.009312255,0.06285336,0.047938395
760,-0.066502534,0.015709259,-0.004529657,0.058836468,0.049456716
761,-0.055948265,0.008388292,-0.0005767597,0.05818037,0.047182914
762,-0.05533298,0.024304194,-0.017069135,0.066896975,0.041362245
763,-0.045258738,0.026633687,-0.01260537,0.05793325,0.045417584
764,-0.05472117,0.020129278,-0.008817656,0.057541918,0.04547239
765,-0.052095532,0.010910458,-0.0052789506,0.062264085,0.048154667
766,-0.055338554,0.0077405535,-0.011860178,0.06479876,0.048056792
767,-0.054538842,0.007949653,-0.019686066,0.060197093,0.03963615
768,-0.05023689,0.012503811,-0.0099767335,0.065984435,0.050233502
769,-0.04597633,0.01280371,-0.020398255,0.06271943,0.04019347
770,-0.055033974,0.01859896,-0.01717593,0.06468571,0.04173812
771,-0.0606959,0.012202423,-0.01617045,0.070090905,0.038386513
772,-0.061188392,0.01001887,-0.005980693,0.07067928,0.05381122
773,-0.053992353,0.021514613,-0.0013518073,0.0607754,0.04556235
774,-0.044808805,0.011077515,-0.007918652,0.057951845,0.04267324
775,-0.04863063,0.014782709,-0.009579584,0.061861902,0.043973245
776,-0.05125486,0.014867655,-0.0155959,0.07261394,0.045047596
777,-0.052550152,0.020929996,-0.015065965,0.06341814,0.04193787
778,-0.05002802,0.026171032,-0.010441719,0.0593917,0.039190292
779,-0.04946578,0.01431988,-0.002374228,0.06360036,0.048190515
780,-0.044684596,0.036604144,-0.023905855,0.061351676,0.0438169
781,-0.048861057,0.022348367,-0.0019333139,0.06368833,0.05515579
782,-0.05193196,0.024530448,-0.012371982,0.056103207,0.033836883
783,-0.0589576,0.014679547,-0.012419777,0.06780942,0.0446501
784,-0.055067815,0.023968859,-0.002293407,0.05957915,0.03395238
785,-0.047441117,0.025148503,-0.018583648,0.062043376,0.0460609
786,-0.053847976,0.01527723,-0.011849573,0.06598557,0.050083376
787,-0.046200722,0.018174164,-0.015478676,0.061504945,0.044160713
788,-0.05980011,0.02006933,-0.0148841515,0.065576024,0.043415956
789,-0.050170902,0.012108961,-0.013969281,0.059467476,0.045801852
790,-0.050581977,0.021902062,-0.007986351,0.06068933,0.038514692
791,-0.053730603,0.015727103,-0.006573909,0.061983626,0.04722416
792,-0.045694903,0.02117598,-0.016274177,0.05697768,0.044619564
793,-0.05093746,0.015179516,-0.018580474,0.06312091,0.03893868
794,-0.067054264,0.015384501,-0.016716022,0.07787022,0.05052642
795,-0.05455191,0.024720393,-0.009480849,0.067587435,0.04923404
796,-0.054822683,0.01736085,-0.014994544,0.0645791,0.047943436
797,-0.05527701,0.012848754,-0.00026276708,0.059105515,0.05422418
798,-0.04717945,0.01943455,-0.017390776,0.059086878,0.03880551
799,-0.06677477,0.023004202,-0.0075225914,0.06406921,0.052693285
800,-0.05770187,0.017453598,-0.0049809758,0.05705828,0.037588265
801,-0.04976966,0.008902311,-0.016872147,0.06954852,0.05037761
802,-0.023016738,0.022127938,-0.041303653,0.04778298,0.032209195
803,-0.04698145,0.017944884,-0.009720758,0.06545626,0.044959433
804,-0.068160556,0.014909236,-0.008003395,0.062188882,0.05520058
805,-0.054452546,0.019192478,-0.0014673313,0.05784973,0.04478578
806,-0.04567455,0.01557095,-0.012706151,0.059531417,0.045536462
807,-0.058701474,0.010852912,-0.0007630065,0.07034333,0.04249836
808,-0.057641864,0.011999197,-0.0050944183,0.060203314,0.04327644
809,-0.049954545,0.022066787,-0.0005095415,0.07138388,0.048664548
810,-0.056169193,0.012615526,-0.0054556318,0.0696525,0.049841944
811,-0.060504057,0.020864021,-0.0015468393,0.06328726,0.044239737
812,-0.052945245,0.024568414,-0.023742527,0.06935604,0.042057477
813,-0.05103629,0.017472545,-0.020593531,0.055971984,0.0430589
814,-0.056377307,0.011694833,-0.01359384,0.062036518,0.04328693
815,-0.05798393,0.0074523278,-0.009437001,0.06610223,0.040960092
816,-0.049167864,0.011993118,-0.015210802,0.068473324,0.047435958
817,-0.04593832,0.013854377,-0.015931249,0.064099394,0.040117603
818,-0.06359101,0.022064947,-0.011542775,0.062492445,0.050555047
819,-0.042268705,0.025877394,-0.02059386,0.055385876,0.023758585
820,-0.05459729,0.021098725,-0.004150044,0.06377928,0.05170655
821,-0.06541796,0.0150482785,0.007820618,0.060222544,0.050673004
822,-0.04756373,0.017520046,-0.01120763,0.06082343,0.055057228
823,-0.06502558,0.019944474,-0.010604147,0.068663426,0.050897952
824,-0.05584477,0.019569622,-0.013312688,0.06102335,0.049164362
825,-0.05422771,0.016260661,-0.007962343,0.056328803,0.04007109
826,-0.053204253,0.016404647,-0.013776181,0.0715835,0.039514918
827,-0.052434072,0.013663121,-0.004244629,0.056283973,0.044314913
828,-0.054025624,0.019595347,-0.021142107,0.06842767,0.04720825
829,-0.049390577,0.010133445,-0.0029459363,0.061434276,0.047669463
830,-0.04636587,0.015658388,-0.0033897152,0.06134958,0.0395764
831,-0.065678656,0.02066051,0.0035820901,0.059895307,0.043405596
832,-0.05582291,0.019450119,-0.0024583973,0.063871674,0.047510184
833,-0.06303603,0.011968064,-0.015300573,0.05876085,0.045449425
834,-0.04670642,0.027661735,-0.015803244,0.058409866,0.04369161
835,-0.055478938,0.008404363,-0.015399842,0.058346346,0.04885914
836,-0.05210112,0.016956462,-0.007602414,0.06625591,0.047904193
837,-0.058691323,0.015053354,-0.004536393,0.06525529,0.047882464
838,-0.05162967,0.019104742,-0.011402486,0.06311781,0.04278115
839,-0.05877509,0.028570697,0.0019625332,0.06317052,0.047886413
840,-0.05288966,0.026512306,-0.015760317,0.06333109,0.037789565
841,-0.07028727,0.007814584,-0.010835287,0.073099196,0.052861392
842,-0.05239698,0.009539222,-0.015789688,0.06607836,0.050246246
843,-0.042060815,0.020807147,-0.017749771,0.0644804,0.044102732
844,-0.05420795,0.010076098,-0.0034840256,0.06542654,0.048863623
845,-0.05941222,0.01778731,-0.0072861137,0.058986563,0.04738155
846,-0.060583256,0.014355258,0.0024552965,0.05461189,0.049800493
847,-0.055614263,0.018358706,-0.016117072,0.06514229,0.050452508
848,-0.051821083,0.009523148,-0.0007897932,0.067049295,0.042136215
849,-0.05524376,0.030619336,-0.011148658,0.06411147,0.05002245
850,-0.05953142,0.004981231,-0.005426232,0.064903475,0.05275436
851,-0.06241843,0.017965931,-0.0053439355,0.058401458,0.049566224
852,-0.054956246,0.017814724,-0.025063876,0.061798073,0.04048648
853,-0.05933528,0.006027908,-0.024522189,0.07536124,0.04868882
854,-0.048686784,0.021278193,0.0030241068,0.06483958,0.05292268
855,-0.060978316,0.016700624,4.3051317e-05,0.06314427,0.0460372
856,-0.05542169,0.019632412,-0.0075382255,0.057093456,0.046425812
857,-0.050134916,0.031953778,-0.015708333,0.06412101,0.033603985
858,-0.051553562,0.019766215,0.0013396265,0.05665722,0.05597758
859,-0.049402535,0.016663844,-0.017198186,0.0702652,0.03926507
860,-0.0632743,0.012718385,-0.012468202,0.06552003,0.045536228
861,-0.05472438,0.013780503,-0.0065896595,0.057761695,0.048347138
862,-0.049834754,0.011065894,-0.0043847896,0.061011225,0.03697425
863,-0.06062591,0.013644462,-0.00537665,0.05925125,0.04854613
864,-0.054066557,0.011515211,-0.010409257,0.06746707,0.04097366
865,-0.05654226,0.024036273,-0.007981503,0.062136814,0.046274945
866,-0.061920032,0.015047716,-0.017415794,0.07434684,0.044548653
867,-0.052282196,0.01895575,-0.003026398,0.06042385,0.047446284
868,-0.061221335,0.022921393,-0.0062385052,0.059600648,0.048763424
869,-0.050972715,0.02031717,-0.012256194,0.063184194,0.04241283
870,-0.05312925,0.013104476,0.0005476745,0.05604189,0.047008842
871,-0.055377036,0.026028449,0.0038901642,0.0693922,0.036405127
872,-0.051921234,0.02447033,0.0002669748,0.060215544,0.04619005
873,-0.05585611,0.02188791,-0.008534468,0.06988709,0.047789495
874,-0.07271714,0.018408328,-0.0060861465,0.059370574,0.050673723
875,-0.048652515,0.015062662,-0.01116825,0.06776092,0.042529244
876,-0.049252026,0.018973373,-0.002408212,0.059807334,0.04033723
877,-0.04768026,0.014758086,-0.011561094,0.06714879,0.0451914
878,-0.05965069,0.025181726,-0.009756368,0.06238406,0.046897735
879,-0.06577506,0.013003644,-0.008687729,0.06405434,0.044489607
880,-0.07452166,0.014463158,-0.009730831,0.071761385,0.047186993
881,-0.046132304,0.018768407,-0.016836878,0.0681707,0.04498848
882,-0.055126313,0.024850056,-0.0107321385,0.05572459,0.04759107
883,-0.0630517,0.01657902,-0.0119510135,0.06881424,0.055123944
884,-0.049872436,0.0063579297,-0.008382771,0.054774404,0.028184922
885,-0.048234843,0.018396478,-0.014076781,0.054693267,0.049254272
886,-0.05223326,0.02138515,-0.023094436,0.06931296,0.044722386
887,-0.05743965,0.01977836,-0.011385695,0.06487994,0.051647104
888,-0.06375634,0.013557611,-0.00095495954,0.057724364,0.04526328
889,-0.055445924,0.021485565,-0.0077782413,0.06963639,0.04681775
890,-0.052915,0.012259542,-0.017500326,0.067985624,0.056984037
891,-0.05424246,0.0121049285,-0.021949992,0.06388252,0.04978099
892,-0.061204083,0.014558755,-0.0055465633,0.07022217,0.05498489
893,-0.056893967,0.019995522,-0.01930646,0.061105095,0.04305581
894,-0.05142648,0.014028277,-0.011949461,0.0678378,0.048506796
895,-0.060135603,0.015296924,-0.009593467,0.06457215,0.04689301
896,-0.05517411,0.015907649,-0.014262084,0.060344707,0.056076508
897,-0.05891505,0.0118112285,0.004053522,0.05939873,0.049015336
898,-0.05961141,0.02151323,-0.017323947,0.065342344,0.040563997
899,-0.046361834,0.027018473,-0.01682761,0.06712894,0.042633418
900,-0.057956617,0.016084969,-0.009581376,0.058709815,0.055388227
901,-0.059498236,0.021270761,-0.0025049606,0.06057327,0.049371034
902,-0.049858168,0.016001806,-0.020659503,0.06181661,0.042922854
903,-0.063095525,0.012722332,-0.017716458,0.06999673,0.05246647
904,-0.04997423,0.021777716,-0.0055837,0.059214164,0.036764037
905,-0.06010085,0.016030759,-0.0023404453,0.059759345,0.04827843
906,-0.059362605,0.0074854605,-0.018445877,0.07412108,0.041356176
907,-0.056353506,0.02100195,-0.011070496,0.06565386,0.04818069
908,-0.062214512,0.02004325,-0.014375143,0.062496983,0.04748981
909,-0.06609228,0.0011186842,-0.006653281,0.055922545,0.04161044
910,-0.06500456,0.007109697,0.0006302912,0.07042033,0.05289223
911,-0.049510803,0.014359073,-0.016256269,0.067198224,0.043273468
912,-0.060073055,0.019562349,0.0014859512,0.06033938,0.063676596
913,-0.06741699,0.010154447,-0.000508938,0.0692306,0.05477093
914,-0.050109766,0.015546106,-0.017902788,0.06047464,0.041258022
915,-0.051887736,0.01658418,-0.023397774,0.060483314,0.043351717
916,-0.059605733,0.016241841,0.0008115759,0.061917022,0.052580155
917,-0.05994045,0.019270485,-0.01451211,0.058532804,0.035376538
918,-0.067980364,0.009337204,0.003673898,0.05403418,0.041317627
919,-0.06759185,0.01595221,0.0013946332,0.05935074,0.045649447
920,-0.055580407,0.0145161245,-0.008855732,0.061243795,0.047305465
921,-0.055152897,0.022124462,-0.008897107,0.06743998,0.04590557
922,-0.059083045,0.007602943,-0.011309143,0.06698045,0.05604834
923,-0.04729223,0.011274922,0.0020287512,0.06458302,0.051409643
924,-0.058990464,0.023728454,-0.015499606,0.06061083,0.045277227
925,-0.057183884,0.01891312,-0.023793384,0.06603395,0.039660946
926,-0.054214023,0.02313799,-0.017397236,0.061899923,0.036242507
927,-0.05152727,0.025971213,-0.012572451,0.06675932,0.044133108
928,-0.050598048,0.024432223,-0.015939012,0.067052595,0.039384123
929,-0.051304214,0.018319972,-0.010753341,0.060953833,0.039331414
930,-0.061246227,0.019173788,-0.016459744,0.054569572,0.050329335
931,-0.067952424,0.012167262,-0.0010496508,0.06377562,0.04205404
932,-0.046760812,0.016214985,-0.015552339,0.059848744,0.04165411
933,-0.053279035,0.040845152,-0.011604525,0.055415865,0.050776668
934,-0.055164862,0.0188868,-0.014560381,0.05746032,0.0321567
935,-0.06155321,0.022370342,0.0015829941,0.06458989,0.043533504
936,-0.05481862,0.019216169,-0.013491202,0.062955186,0.050761018
937,-0.06038666,0.020242989,-0.024002895,0.065012984,0.0438147
938,-0.05283976,0.011308191,-0.018364884,0.064594634,0.036526162
939,-0.054375175,0.011100569,-0.024504801,0.06706913,0.050670467
940,-0.057034086,0.022238467,-0.014428377,0.06638998,0.048776124
941,-0.061654724,0.019482352,-0.009752386,0.061845623,0.04234669
942,-0.056929708,0.017825374,-0.010479703,0.063394554,0.04248081
943,-0.06725463,0.007222698,-0.0014969488,0.06566654,0.043170653
944,-0.04977327,0.014773379,-0.010069032,0.06498257,0.0437331
945,-0.061186247,0.01145657,-0.010297406,0.06462128,0.041977007
946,-0.06776462,0.0101531325,-0.00503242,0.06855439,0.04456982
947,-0.05779967,0.021466667,-0.008718193,0.060414825,0.035427656
948,-0.067040145,0.010105228,-0.0050361548,0.07062061,0.057487525
949,-0.049310777,0.014214497,-0.014621744,0.061070077,0.045012508
950,-0.05871374,0.018060382,-0.014989365,0.060099468,0.039537363
951,-0.05931287,0.019894864,-0.01276386,0.06888203,0.049955383
952,-0.054340888,0.015192423,-0.012236332,0.06571856,0.045823604
953,-0.058385793,0.023834728,-0.00470687,0.05929061,0.051846188
954,-0.060752068,0.0071470067,-0.017036598,0.064302504,0.046312455
955,-0.056948274,0.011082044,-0.009237711,0.07024782,0.044999126
956,-0.04721268,0.012501212,-0.0143106785,0.06592465,0.042489506
957,-0.052743033,0.0116965035,-0.009589616,0.05821192,0.046852663
958,-0.059101798,0.018799003,-0.016215201,0.060103294,0.044501502
959,-0.06284298,0.0138853695,-0.017188694,0.06862029,0.04340717
960,-0.0608072,0.023223411,-0.006322036,0.06913359,0.04876024
961,-0.05972041,0.019622833,-0.0048803072,0.06366394,0.041130897
962,-0.057267714,0.020412795,-0.016958663,0.06527214,0.044104
963,-0.052496884,0.01787394,-0.008378863,0.06701556,0.050427232
964,-0.045403007,0.017506216,-0.008764896,0.061241705,0.04307264
965,-0.061209768,0.013598716,-0.00850171,0.067325756,0.04665607
966,-0.062107053,0.011647817,-0.00032547303,0.057771325,0.05357253
967,-0.060926124,0.016103227,-0.007028983,0.055781014,0.042534664
968,-0.057282448,0.021349609,-0.01982794,0.059874564,0.047803145
969,-0.06818063,0.011642322,-0.0045091305,0.070534684,0.049393985
970,-0.04790975,0.022641256,-0.021721896,0.06838032,0.043654207
971,-0.05829284,0.010349418,-0.008672166,0.06451625,0.048792798
972,-0.053179957,0.020205451,-0.011726089,0.07450961,0.04542957
973,-0.047517806,0.011237897,-0.017794563,0.06732756,0.04717433
974,-0.049981706,0.01806172,-0.0063905227,0.06403464,0.049176242
975,-0.051443074,0.02392587,-0.012495601,0.059014,0.04465253
976,-0.050374813,0.018308738,-0.010406678,0.06327021,0.048346438
977,-0.05165671,0.015987348,-0.022502951,0.07609758,0.053969223
978,-0.05647003,0.022349752,-0.012445707,0.060334243,0.0509204
979,-0.05267107,0.014691092,-0.007816457,0.06643955,0.049142107
980,-0.05473755,0.012593131,-0.013117429,0.062213983,0.043711655
981,-0.0557879,0.026570989,-0.016134547,0.06218103,0.046254363
982,-0.05418907,0.010109038,-0.020421978,0.074392974,0.051790558
983,-0.0519019,0.019389182,-0.01464925,0.064188905,0.04308407
984,-0.055707134,0.018381126,-0.0060593425,0.060803175,0.04244725
985,-0.062956564,0.013797091,-0.009242326,0.065843776,0.046378113
986,-0.050085254,0.026888832,-0.02039368,0.0597445,0.04351327
987,-0.052735887,0.017566297,-0.013142156,0.061583463,0.0475881
988,-0.055264503,0.020416206,-0.015222828,0.063159764,0.045127474
989,-0.06420415,0.01481257,-0.011810492,0.06345071,0.03998203
990,-0.052668657,0.020656958,-0.00888709,0.054926906,0.04666948
991,-0.053496167,0.015723957,-0.011493102,0.068476275,0.046723574
992,-0.05386637,0.015644237,-0.023760615,0.06875624,0.049426492
993,-0.048982017,0.012607058,-0.021243984,0.06439258,0.03956901
994,-0.062137496,0.020056102,-0.024659883,0.06492588,0.04024569
995,-0.046001755,0.014625693,-0.022613565,0.06516661,0.04269897
996,-0.053228036,0.013673947,-0.012635047,0.06257164,0.04384984
997,-0.055201583,0.017036377,-0.014444925,0.07152101,0.050843894
998,-0.05365205,0.012231328,-0.011109073,0.05408345,0.04065258
999,-0.06185814,0.0208394,-0.008188225,0.062765956,0.049456235
